Publish Date,Content Title,Content Type,Primary Keyword,Intent,Word Count Target,Status
2026-08-18,ICUMSA Sugar Grades Explained,Pillar Guide,ICUMSA sugar grades explained,Informational,2500,Planned
2026-08-21,Agricultural Export FAQ Hub,FAQ Page,agricultural export FAQ,Informational,1500,Planned
2026-08-25,Commodity Trading Glossary,Glossary,commodity trading glossary ICUMSA,Informational,2000,Planned
2026-08-28,How to Import Rice from Thailand,Pillar Guide,how to import rice from Thailand,Informational,3000,Planned
2026-09-01,Sugar Category Page Enhancement,Category Page,ICUMSA sugar wholesale supplier,Commercial,800,Planned
2026-09-04,Rice Category Page Enhancement,Category Page,Thai jasmine rice bulk supplier,Commercial,800,Planned
2026-09-08,ICUMSA 45 vs 600-1200 Comparison,Comparison Page,ICUMSA 45 vs 600 sugar,Informational,1200,Planned
2026-09-11,Fertilizer Category Enhancement,Category Page,NPK fertilizer wholesale Thailand,Commercial,800,Planned
2026-09-15,Edible Oil Export Guide,Blog Guide,RBD palm oil bulk export,Informational,1800,Planned
2026-09-18,Quality Control Process Deep Dive,Info Page,agricultural export quality control,Informational,1200,Planned
2026-09-22,Bulk Commodity MOQ Guide,Blog Guide,bulk commodity minimum order quantity,Informational,1000,Planned
2026-09-25,Thai Hom Mali vs White Rice Comparison,Comparison Page,Thai jasmine rice vs white rice,Informational,1200,Planned
2026-09-29,Ordering Procedures Enhancement,Info Page,bulk commodity ordering process,Commercial,1000,Planned
2026-10-02,Sustainability in Ag Export,Blog Article,sustainable agriculture Thailand export,Informational,1500,Planned
2026-10-06,Poultry Export Standards Guide,Blog Guide,poultry products wholesale export,Commercial,1200,Planned
2026-10-09,Nuts Export Market Overview,Blog Guide,cashew pistachio nuts wholesale,Commercial,1200,Planned
2026-10-13,Phytosanitary Certificates Explained,Blog Guide,phytosanitary certificate import rice,Informational,1000,Planned
2026-10-16,Incoterms for Commodity Trading,Blog Guide,Incoterms FOB CIF commodity trading,Informational,1500,Planned
2026-10-20,Top 10 ICUMSA Sugar Products,Product Roundup,ICUMSA 45 sugar wholesale,Commercial,800,Planned
2026-10-23,Rice Varieties Export Guide,Blog Guide,Thai rice varieties export,Informational,2000,Planned
2026-10-27,Water-Soluble Fertilizer Benefits,Blog Guide,water soluble fertilizer supplier,Informational,1200,Planned
2026-10-30,Export Documentation Checklist,Resource Page,agricultural export documentation,Informational,1000,Planned
2026-11-03,Industry Statistics 2026,Statistics Page,Thailand agricultural export statistics,Informational,1500,Planned
2026-11-06,MAHANAKORN vs Commodity Traders,Comparison Page,Thai agricultural supplier comparison,Commercial,1200,Planned
2026-11-10,Seasonal Pricing Guide Sugar & Rice,Blog Guide,sugar rice seasonal pricing export,Informational,1200,Planned
