Keyword,Volume,Difficulty,Intent,Assigned Page URL,Page Type,Gap,Priority
"agricultural commodities exporter Thailand",720,45,Commercial,https://mahanakornco.com/,Homepage,N,High
"MAHANAKORN agricultural supplier",90,20,Navigational,https://mahanakornco.com/about,About,N,Medium
"wholesale agricultural products Thailand",480,42,Commercial,https://mahanakornco.com/products,Product Hub,N,High
"ICUMSA sugar wholesale supplier",1200,48,Commercial,https://mahanakornco.com/sugar,Category,N,High
"Thai jasmine rice bulk supplier",880,44,Commercial,https://mahanakornco.com/rice,Category,N,High
"NPK fertilizer wholesale Thailand",590,40,Commercial,https://mahanakornco.com/fertilizers,Category,N,High
"RBD edible cooking oil bulk",650,43,Commercial,https://mahanakornco.com/edible-cooking-oil,Category,N,High
"poultry products wholesale export",320,38,Commercial,https://mahanakornco.com/poultry-products,Category,N,Medium
"cashew pistachio nuts wholesale",410,41,Commercial,https://mahanakornco.com/nuts,Category,N,Medium
"bulk commodity ordering process",210,28,Informational,https://mahanakornco.com/ordering-procedures,Info,N,High
"agricultural export quality control",260,32,Informational,https://mahanakornco.com/quality-control,Info,N,High
"sustainable agriculture Thailand export",180,30,Informational,https://mahanakornco.com/sustainability,Info,N,Medium
"agricultural commodities quote request",150,25,Transactional,https://mahanakornco.com/contact,Contact,N,High
"MAHANAKORN privacy policy",10,5,Navigational,https://mahanakornco.com/privacy-policy,Legal,N,Low
"agricultural export FAQ",340,35,Informational,https://mahanakornco.com/faq,FAQ,Y,High
"commodity trading glossary ICUMSA",280,30,Informational,https://mahanakornco.com/glossary,Glossary,Y,High
"ICUMSA sugar grades explained",920,38,Informational,https://mahanakornco.com/guides/icumsa-sugar-grades,Pillar,Y,High
"how to import rice from Thailand",760,42,Informational,https://mahanakornco.com/guides/thai-rice-export,Pillar,Y,High
"1121 Sella Basmati Rice bulk supplier",120,35,Commercial,https://mahanakornco.com/products/1121-sella-basmati-rice,Product,N,Medium
"Agriventure Calcium Nitrate Water Soluble Fertilizer wholesale",120,35,Commercial,https://mahanakornco.com/products/agriventure-calcium-nitrate-water-soluble-fertilizer,Product,N,Medium
"Agriventure Magnesium Sulfate Water Soluble Fertilizer wholesale",120,35,Commercial,https://mahanakornco.com/products/agriventure-magnesium-sulfate-water-soluble-fertilizer,Product,N,Medium
"Ammonium Sulfate wholesale Thailand",120,35,Commercial,https://mahanakornco.com/products/ammonium-sulfate,Product,N,Medium
"Arborio Rice bulk supplier",120,35,Commercial,https://mahanakornco.com/products/arborio-rice,Product,N,Medium
"Automotive Urea wholesale Thailand",120,35,Commercial,https://mahanakornco.com/products/automotive-urea,Product,N,Medium
"Barenbrug Algaturf Fertilizer wholesale",120,35,Commercial,https://mahanakornco.com/products/barenbrug-algaturf-fertilizer,Product,N,Medium
"Barenbrug K-PLUS fertilizer 2,5 kg wholesale",120,35,Commercial,https://mahanakornco.com/products/barenbrug-k-plus-fertilizer-25-kg,Product,N,Medium
"Barfertile Active Barenbrug wholesale Thailand",120,35,Commercial,https://mahanakornco.com/products/barfertile-active-barenbrug,Product,N,Medium
"Barfertile Ecolit wholesale Thailand",120,35,Commercial,https://mahanakornco.com/products/barfertile-ecolit,Product,N,Medium
"Barfertile Planta-fit Biostimulant wholesale Thailand",120,35,Commercial,https://mahanakornco.com/products/barfertile-planta-fit-biostimulant,Product,N,Medium
"Barfertile Pro-start 5 kg wholesale Thailand",120,35,Commercial,https://mahanakornco.com/products/barfertile-pro-start-5-kg,Product,N,Medium
"Barfertile Radi-Fit Radical Biostimulant wholesale Thailand",120,35,Commercial,https://mahanakornco.com/products/barfertile-radi-fit-radical-biostimulant,Product,N,Medium
"Barfertile Sport Barenbrug NPK wholesale Thailand",120,35,Commercial,https://mahanakornco.com/products/barfertile-sport-barenbrug-npk,Product,N,Medium
"Barfertile Spring Autumn fertilizer wholesale",120,35,Commercial,https://mahanakornco.com/products/barfertile-spring-autumn-fertilizer,Product,N,Medium
"DAP Diammonium Phosphate wholesale Thailand",120,35,Commercial,https://mahanakornco.com/products/dap-diammonium-phosphate,Product,N,Medium
"EBS Amino Acids 80% Plant Growth Enhancer wholesale Thailand",120,35,Commercial,https://mahanakornco.com/products/ebs-amino-acids-80-plant-growth-enhancer,Product,N,Medium
"EBS Boron 20% EDTA Sodium Borate Chelated Micronutrient wholesale Thailand",120,35,Commercial,https://mahanakornco.com/products/ebs-boron-20-edta-sodium-borate-chelated-micronutrient,Product,N,Medium
"EBS Fulvic Acid Fulvic Acid 50% Organic Fertilizer wholesale",120,35,Commercial,https://mahanakornco.com/products/ebs-fulvic-acid-fulvic-acid-50-organic-fertilizer,Product,N,Medium
"EBS Seaweed Extract Fertilizer Ascophyllum Nodusum wholesale",120,35,Commercial,https://mahanakornco.com/products/ebs-seaweed-extract-fertilizer-ascophyllum-nodusum,Product,N,Medium
"EBS Zinc EDTA Zn 12% Chelated Micronutrient Fertilizer wholesale",120,35,Commercial,https://mahanakornco.com/products/ebs-zinc-edta-zn-12-chelated-micronutrient-fertilizer,Product,N,Medium
"Earthworm Humus wholesale Thailand",120,35,Commercial,https://mahanakornco.com/products/earthworm-humus,Product,N,Medium
"Fertilizer Barenbrug Summer Winter wholesale",120,35,Commercial,https://mahanakornco.com/products/fertilizer-barenbrug-summer-winter,Product,N,Medium
"Fine Grain White Sugar wholesale Thailand",120,35,Commercial,https://mahanakornco.com/products/fine-grain-white-sugar,Product,N,Medium
"Granulated Sugar (White Sugar) wholesale Thailand",120,35,Commercial,https://mahanakornco.com/products/granulated-sugar-white-sugar,Product,N,Medium
"High Oleic Sunflower Oil bulk export",120,35,Commercial,https://mahanakornco.com/products/high-oleic-sunflower-oil,Product,N,Medium
"Humus Fertilizer Earthworm Bucket wholesale",120,35,Commercial,https://mahanakornco.com/products/humus-fertilizer-earthworm-bucket,Product,N,Medium
"IRRI-6 Long Grain RiceIRRI-6 Long Grain Rice bulk supplier",120,35,Commercial,https://mahanakornco.com/products/irri-6-long-grain-riceirri-6-long-grain-rice,Product,N,Medium
"Japonica Rice bulk supplier",120,35,Commercial,https://mahanakornco.com/products/japonica-rice,Product,N,Medium
"Jasmine Rice (Thai Hom Mali) bulk supplier",120,35,Commercial,https://mahanakornco.com/products/jasmine-rice-thai-hom-mali,Product,N,Medium
"Long Life Frying Oil bulk export",120,35,Commercial,https://mahanakornco.com/products/long-life-frying-oil,Product,N,Medium
"Mapmonoammonium Phosphate wholesale Thailand",120,35,Commercial,https://mahanakornco.com/products/mapmonoammonium-phosphate,Product,N,Medium
"Monopotassium Phosphate wholesale Thailand",120,35,Commercial,https://mahanakornco.com/products/monopotassium-phosphate,Product,N,Medium
"NITROGEN FERTILIZER wholesale",120,35,Commercial,https://mahanakornco.com/products/nitrogen-fertilizer,Product,N,Medium
"NPK wholesale Thailand",120,35,Commercial,https://mahanakornco.com/products/npk,Product,N,Medium
"ORGANIC WHITE CANE SUGAR 1-45 wholesale Thailand",120,35,Commercial,https://mahanakornco.com/products/organic-white-cane-sugar-1-45,Product,N,Medium
"PRIVI 100% Water Soluble Fertilizer wholesale",120,35,Commercial,https://mahanakornco.com/products/privi-000050-17-5-s-water-soluble-fertilizer,Product,N,Medium
"Parboiled Rice 5% Broken bulk supplier",120,35,Commercial,https://mahanakornco.com/products/parboiled-rice-5-broken,Product,N,Medium
"Quality Brown Rice bulk supplier",120,35,Commercial,https://mahanakornco.com/products/quality-brown-rice,Product,N,Medium
"RBD Corn Oil bulk export",120,35,Commercial,https://mahanakornco.com/products/rbd-corn-oil,Product,N,Medium
"RBD Groundnut / Peanut Oil bulk export",120,35,Commercial,https://mahanakornco.com/products/rbd-groundnut-peanut-oil,Product,N,Medium
"RBD Palm Oil ( 36 – 39 ) bulk export",120,35,Commercial,https://mahanakornco.com/products/rbd-palm-oil-36-39,Product,N,Medium
"RBD Palm Olein wholesale Thailand",120,35,Commercial,https://mahanakornco.com/products/rbd-palm-olein,Product,N,Medium
"RBD Rapeseed / Canola Oil bulk export",120,35,Commercial,https://mahanakornco.com/products/rbd-rapeseed-canola-oil,Product,N,Medium
"RBD Soybean Oil bulk export",120,35,Commercial,https://mahanakornco.com/products/rbd-soybean-oil,Product,N,Medium
"RBDW Sunflower Oil bulk export",120,35,Commercial,https://mahanakornco.com/products/rbdw-sunflower-oil,Product,N,Medium
"RRI 9 Long Grain RiceRRI 9 Long Grain Rice bulk supplier",120,35,Commercial,https://mahanakornco.com/products/rri-9-long-grain-ricerri-9-long-grain-rice,Product,N,Medium
"Refined Brown Sugar Icumsa 600 - 1200 wholesale",120,35,Commercial,https://mahanakornco.com/products/refined-brown-sugar-icumsa-600-1200,Product,N,Medium
"Superphosphate wholesale Thailand",120,35,Commercial,https://mahanakornco.com/products/superphosphate,Product,N,Medium
"Thai Brown Jasmine Rice bulk supplier",120,35,Commercial,https://mahanakornco.com/products/thai-brown-jasmine-rice,Product,N,Medium
"Thai Glutinous Rice bulk supplier",120,35,Commercial,https://mahanakornco.com/products/thai-glutinous-rice,Product,N,Medium
"Thai Glutinous Rice 25% Broken bulk supplier",120,35,Commercial,https://mahanakornco.com/products/thai-glutinous-rice-25-broken,Product,N,Medium
"Thai Hom Patum Rice bulk supplier",120,35,Commercial,https://mahanakornco.com/products/thai-hom-patum-rice,Product,N,Medium
"Thai Jasmine Black Cargo Rice bulk supplier",120,35,Commercial,https://mahanakornco.com/products/thai-jasmine-black-cargo-rice,Product,N,Medium
"Thai Jasmine Red Cargo Rice bulk supplier",120,35,Commercial,https://mahanakornco.com/products/thai-jasmine-red-cargo-rice,Product,N,Medium
"Thai Long Grain Rice bulk supplier",120,35,Commercial,https://mahanakornco.com/products/thai-long-grain-rice,Product,N,Medium
"Thai Parboiled Rice bulk supplier",120,35,Commercial,https://mahanakornco.com/products/thai-parboiled-rice,Product,N,Medium
"Thai Riceberry Rice bulk supplier",120,35,Commercial,https://mahanakornco.com/products/thai-riceberry-rice,Product,N,Medium
"Thai White Rice 100% Sortexed bulk supplier",120,35,Commercial,https://mahanakornco.com/products/thai-white-rice-100-sortexed,Product,N,Medium
"Thai White rice 100% broken bulk supplier",120,35,Commercial,https://mahanakornco.com/products/thai-white-rice-100-broken,Product,N,Medium
"UREA wholesale Thailand",120,35,Commercial,https://mahanakornco.com/products/urea,Product,N,Medium
"Vanproz Growth Enhancer Organic Fertilizer | AgriBegri wholesale",120,35,Commercial,https://mahanakornco.com/products/vanproz-growth-enhancer-organic-fertilizer-agribegri,Product,N,Medium
"White Rice 5% Broken bulk supplier",120,35,Commercial,https://mahanakornco.com/products/white-rice-5-broken,Product,N,Medium
"Zinc Sulfate Heptahydrate wholesale Thailand",120,35,Commercial,https://mahanakornco.com/products/zinc-sulfate-heptahydrate,Product,N,Medium
"Pistachio Nuts wholesale Thailand",120,35,Commercial,https://mahanakornco.com/products/pistachio-nuts,Product,N,Medium
"Cashew Nuts wholesale Thailand",120,35,Commercial,https://mahanakornco.com/products/cashew-nuts,Product,N,Medium
"Chicken Drumstick wholesale Thailand",120,35,Commercial,https://mahanakornco.com/products/chicken-drumstick,Product,N,Medium
"Chicken Feets wholesale Thailand",120,35,Commercial,https://mahanakornco.com/products/chicken-feets,Product,N,Medium
"Chicken Leg Quarter wholesale Thailand",120,35,Commercial,https://mahanakornco.com/products/chicken-leg-quarter,Product,N,Medium
"Chicken Paws wholesale Thailand",120,35,Commercial,https://mahanakornco.com/products/chicken-paws,Product,N,Medium
"Frozen 3 Joint Wing wholesale Thailand",120,35,Commercial,https://mahanakornco.com/products/frozen-3-joint-wing,Product,N,Medium
"Frozen Chicken Breast wholesale Thailand",120,35,Commercial,https://mahanakornco.com/products/frozen-chicken-breast,Product,N,Medium
"Frozen 2 Joint Wing wholesale Thailand",120,35,Commercial,https://mahanakornco.com/products/frozen-2-joint-wing,Product,N,Medium
"Frozen Chicken Livers wholesale Thailand",120,35,Commercial,https://mahanakornco.com/products/frozen-chicken-livers,Product,N,Medium
"Frozen Chicken Gizzards wholesale Thailand",120,35,Commercial,https://mahanakornco.com/products/frozen-chicken-gizzards,Product,N,Medium
"Whole Chicken (Griller) wholesale Thailand",120,35,Commercial,https://mahanakornco.com/products/whole-chicken-griller,Product,N,Medium
"Frozen Middle Joint Wing wholesale Thailand",120,35,Commercial,https://mahanakornco.com/products/frozen-middle-joint-wing,Product,N,Medium